recH0IoWaAy9p16Ld	0110_SM_2800x2070_18	0110	SM	BIAŁY KORPUSOWY	https://azmproducts.plasmic.run/product/recH0IoWaAy9p16Ld	PLN 215,84	Extra Data
recJ8KmXbBy2q27Me	0120_MD_3000x2200_20	0120	MD	SZARY ANTRACYTOWY	https://azmproducts.plasmic.run/product/recJ8KmXbBy2q27Me	PLN 289,50	Extra Data
recK9NpYcCz3r38Nf	0130_LG_3200x2400_22	0130	LG	CZARNY MATOWY	https://azmproducts.plasmic.run/product/recK9NpYcCz3r38Nf	PLN 345,20	Extra Data
recL0OqZdDa4s49Og	0140_XL_3400x2600_24	0140	XL	NIEBIESKI GRANAT	https://azmproducts.plasmic.run/product/recL0OqZdDa4s49Og	PLN 412,75	Extra Data
recM1PraEb5t50Ph	0150_SM_2800x2070_18	0150	SM	ZIELONY OLIWKA	https://azmproducts.plasmic.run/product/recM1PraEb5t50Ph	PLN 198,90	Extra Data
recN2QsbFc6u61Qi	0160_MD_3000x2200_20	0160	MD	CZERWONY BORDOWY	https://azmproducts.plasmic.run/product/recN2QsbFc6u61Qi	PLN 267,30	Extra Data
recO3RtcGd7v72Rj	0170_LG_3200x2400_22	0170	LG	BRĄZOWY CZEKOLADOWY	https://azmproducts.plasmic.run/product/recO3RtcGd7v72Rj	PLN 334,80	Extra Data
recP4SudHe8w83Sk	0180_XL_3400x2600_24	0180	XL	BEŻOWY PIASKOWY	https://azmproducts.plasmic.run/product/recP4SudHe8w83Sk	PLN 398,60	Extra Data
recQ5TveIf9x94Tl	0190_SM_2800x2070_18	0190	SM	FIOLETOWY LAWENDOWY	https://azmproducts.plasmic.run/product/recQ5TveIf9x94Tl	PLN 223,40	Extra Data
recR6UwfJg0y05Um	0200_MD_3000x2200_20	0200	MD	RÓŻOWY PUDROWY	https://azmproducts.plasmic.run/product/recR6UwfJg0y05Um	PLN 278,95	Extra Data
recS7VxgKh1z16Vn	0210_LG_3200x2400_22	0210	LG	TURKUSOWY OCEAN	https://azmproducts.plasmic.run/product/recS7VxgKh1z16Vn	PLN 356,70	Extra Data
recT8WyhLi2a27Wo	0220_XL_3400x2600_24	0220	XL	KREMOWY WANILIOWY	https://azmproducts.plasmic.run/product/recT8WyhLi2a27Wo	PLN 425,30	Extra Data
recU9XziMj3b38Xp	0230_SM_2800x2070_18	0230	SM	SREBRNY METALICZNY	https://azmproducts.plasmic.run/product/recU9XziMj3b38Xp	PLN 245,80	Extra Data
recV0YajNk4c49Yq	0240_MD_3000x2200_20	0240	MD	ZŁOTY ELEGANCKI	https://azmproducts.plasmic.run/product/recV0YajNk4c49Yq	PLN 312,45	Extra Data
recW1ZbkOl5d50Zr	0250_LG_3200x2400_22	0250	LG	POMARAŃCZOWY ZACHÓD	https://azmproducts.plasmic.run/product/recW1ZbkOl5d50Zr	PLN 367,90	Extra Data
recX2AclPm6e61As	0260_XL_3400x2600_24	0260	XL	LIMONKOWY ENERGETYCZNY	https://azmproducts.plasmic.run/product/recX2AclPm6e61As	PLN 441,25	Extra Data
recY3BdmQn7f72Bt	0270_SM_2800x2070_18	0270	SM	KORALOWY TROPIKALNY	https://azmproducts.plasmic.run/product/recY3BdmQn7f72Bt	PLN 231,60	Extra Data
recZ4CenRo8g83Cu	0280_MD_3000x2200_20	0280	MD	MIĘTOWY ŚWIEŻY	https://azmproducts.plasmic.run/product/recZ4CenRo8g83Cu	PLN 295,70	Extra Data
recA5DfoSp9h94Dv	0290_LG_3200x2400_22	0290	LG	GRAFITOWY URBAN	https://azmproducts.plasmic.run/product/recA5DfoSp9h94Dv	PLN 378,40	Extra Data
recB6EgpTq0i05Ew	0300_XL_3400x2600_24	0300	XL	PERŁOWY LUKSUSOWY	https://azmproducts.plasmic.run/product/recB6EgpTq0i05Ew	PLN 458,90	Extra Data
